NOMBRE,CVE_ESTADO,CVE_MPIO,distancia_km,Hectares,NOM_NA
OJITAL,30,133,2.8830693214256167,,CLEMENTE TORRES ANTES OJITAL
EL MORALILLO,30,123,0.5504184963082945,,EL MORALILLO
PRIMERO DE MAYO,30,133,2.2896150531291095,,PRIMERO DE MAYO
ANAHUAC,30,133,0.3960380996474075,,ANAHUAC
EL MORALILLO,30,123,0.1427675192278378,,EL MORALILLO
EMILIANO ZAPATA,30,133,4.379655363085431,,LA ESCONDIDA HOY EMILIANO ZAPATA
EL CRUCERO,30,133,0.8271373167803129,,EL CRUCERO
VILLA CUAUHTEMOC,30,133,1.184127893291024,,VILLA CUAUHTEMOC
VILLA CUAUHTEMOC,30,133,0.11400449111838926,,VILLA CUAUHTEMOC
EPIFANIO NAVARRO,30,133,0.8620527329467683,,EPIFANIO NAVARRO ANTES SAN ANTONIO
CORRALILLO,30,152,2.128037557320629,,CORRALILLO
GARRAPATAS,30,152,0.6046841860542552,,GARRAPATAS
COYOLITO,30,152,2.449090022281277,,COYOLITO
KILOMETRO 80,30,152,2.82593087674832,,KILOMETRO 80
PUNTA DE BUSTOS,30,152,1.9440728003183552,,PUNTA DE BUSTOS
KILOMETRO 79,30,152,1.5891822237651665,,KM. 79
COYOLITO,30,152,1.6179654507628427,,COYOLITO
ALTO DE LA ZAPUPERA,30,152,0.5924387443104362,,ALTO DE LA ZAPUPERA
LA ESCONDIDA,30,152,0.7323979490211862,,LA ESCONDIDA
LLANO DE BUSTOS,30,152,0.10545603939260557,,LLANO DE BUSTOS
LA ESPERANZA,30,121,4.162174917855852,,LA ESPERANZA
PLAN DE AYALA,30,121,2.712763333714508,,PLAN DE AYALA
JOPOYAL,30,121,1.5938202782747937,,JOPOYAL
JOPOYAL,30,121,2.291034176348994,,JOPOYAL
EL ENCINAL,30,121,3.0692963799031383,,EL ENCINAL
POZA DEL TULE,30,121,2.894902957870107,,POZA DEL TULE
"LOS ZAVALES Y SUS ANEXOS LAS CHACAS, EL ENCINAL Y EL CINCO",30,121,3.8455320520215213,,LOS ZAVALES Y SUS ANEXOS
POTRERILLOS,30,121,0.7406313639973214,,POTRERILLOS
POTRERILLOS,30,121,0.8349159189388029,,POTRERILLOS
POTRERILLOS,30,121,0.9116016028369701,,POTRERILLOS
ALTO DEL MORALITO,30,121,1.4367549764311758,,ALTO DEL MORALITO Y ANEXOS
ALTO DEL POZO VIEJO,30,121,3.927616777692102,,ALTO DEL POZO VIEJO
LA REFORMA,30,154,3.8483581461887266,,LA REFORMA
ANONO CUCHARAS,30,154,3.1280778828480527,,ANONO CUCHARAS
LA REFORMA,30,154,4.710852482631858,,LA REFORMA
ZAPOTAL Y SUS ANEXOS,30,154,0.6726650749746406,,ZAPOTAL Y ANEXOS
ADALBERTO TEJEDA,30,154,0.6270320411352301,,ADALBERTO TEJEDA
LA REFORMA,30,154,2.344576821452229,,LA REFORMA
ZAPOTAL Y SUS ANEXOS,30,154,1.5580325174708554,,ZAPOTAL Y ANEXOS
LA LAJITA,30,154,2.50015176992712,,LA LAJITA
EL ESCOBAL,30,150,0.7210951246331233,,EL ESCOBAL
SAN LORENZO Y ANEXOS,30,154,3.974039471290546,,SAN LORENZO Y ANEXOS
EL XUCHIL,30,154,1.02769585004621,,EL XUCHIL
LAS PUENTES,30,154,1.9912229119386347,,LAS PUENTES
CALMECATE,30,150,1.6952318366866665,,CALMECATE
LAS PUENTES,30,154,2.068666354658529,,LAS PUENTES
CHINAMPA DE GOROSTIZA,30,060,1.700620376872086,,CHINAMPA DE GOROSTIZA
LA MESA,30,060,1.0172283226785186,,LA MESA
EL XUCHIL,30,154,0.7047032164076019,,EL XUCHIL
CERRO DE ORO,30,060,1.7249345120784818,,CERRO DE ORO
NARANJOS,30,060,1.9608023123881935,,NARANJOS
EMPALIZADA,30,013,0.9436277469083199,,EMPALIZADA
CERVANTES,30,013,0.27370563242910473,,CERVANTES
NARANJOS,30,060,2.0925122782565233,,NARANJOS
EMPALIZADA,30,013,1.3601405279676155,,EMPALIZADA
BARRIO HUASTECO,30,013,1.681869788457637,,BARRIO HUASTECO
HERMENEGILDO GALEANA,30,013,2.2581056540042623,,HERMENEGILDO GALEANA
EL AGUILA MONTE GRANDE,30,013,1.250020746188957,,EL AGUILA CONG. DE MONTE GRANDE
ZACAMIXTLE,30,153,1.0910969425738972,,ZACAMIXTLE
LLANO DE ENMEDIO,30,153,2.13113182739827,,LLANO DE ENMEDIO
IGNACIO ZARAGOZA,30,153,1.8331519155737621,,IGNACIO ZARAGOZA
"DOCTOR LICEAGA, ANTES SAN PEDRO",30,153,3.9043395848013853,,DOCTOR LICEAGA ANTES SAN PEDRO
TOTECO,30,153,1.7010756165975838,,TOTECO
KILOMETRO 43,30,153,0.7170780878984413,,KILOMETRO 43
ZACAMIXTLE,30,153,1.6768329266833357,,ZACAMIXTLE
TOTECO,30,153,2.588057803727021,,TOTECO
EL MIRADOR,30,034,1.1440782171068256,,EL MIRADOR
CERRO AZUL VIEJO,30,034,2.2513002613391735,,CERRO AZUL VIEJO
JUAN FELIPE Y SU ANEXO POZO 25,30,034,1.1072421677748798,,JUAN FELIPE Y SU ANEXO POZO 25
JUAN FELIPE Y SU ANEXO POZO 25,30,034,3.225273239379485,,JUAN FELIPE Y SU ANEXO POZO 25
EL MIRADOR,30,034,2.4063072653493016,,EL MIRADOR
JUAN FELIPE Y SU ANEXO POZO 25,30,034,0.8173899243812314,,JUAN FELIPE Y SU ANEXO POZO 25
JUAN FELIPE Y SU ANEXO POZO 25,30,034,2.266702770587731,,JUAN FELIPE Y SU ANEXO POZO 25
JUAN FELIPE Y SU ANEXO POZO 25,30,034,2.7926512205151206,,JUAN FELIPE Y SU ANEXO POZO 25
JUAN FELIPE Y SU ANEXO POZO 25,30,034,1.860271395657894,,JUAN FELIPE Y SU ANEXO POZO 25
JUAN FELIPE Y SU ANEXO POZO 25,30,034,1.6921018713916292,,JUAN FELIPE Y SU ANEXO POZO 25
MILCAHUAL,30,160,2.852100074768938,,MILCAHUALES
JUAN FELIPE Y SU ANEXO POZO 25,30,034,1.3266605087254504,,JUAN FELIPE Y SU ANEXO POZO 25
JUAN FELIPE Y SU ANEXO POZO 25,30,034,1.4135566980974859,,JUAN FELIPE Y SU ANEXO POZO 25
JUAN FELIPE Y SU ANEXO POZO 25,30,034,0.3881420496213464,,JUAN FELIPE Y SU ANEXO POZO 25
JUAN FELIPE Y SU ANEXO POZO 25,30,034,3.6800769967435842,,JUAN FELIPE Y SU ANEXO POZO 25
JUAN FELIPE Y SU ANEXO POZO 25,30,034,1.4300774309279882,,JUAN FELIPE Y SU ANEXO POZO 25
JUAN FELIPE Y SU ANEXO POZO 25,30,034,1.2175173876956449,,JUAN FELIPE Y SU ANEXO POZO 25
JUAN FELIPE Y SU ANEXO POZO 25,30,034,0.4261372129878994,,JUAN FELIPE Y SU ANEXO POZO 25
JUAN FELIPE Y SU ANEXO POZO 25,30,034,0.8575978712586005,,JUAN FELIPE Y SU ANEXO POZO 25
MOYUTLA,30,167,3.4098169563697014,,MOYUTLA
ALAZAN,30,160,1.7373242321474494,,ALAZAN
POTRERO DEL LLANO NÝ 1,30,160,3.582306167959247,,POTRERO DE LLANO
HORCONES,30,160,3.048352117248664,,HORCONES
HORCONES,30,160,1.3925015207338476,,HORCONES
OTATAL,30,160,1.0576041297507712,,OTATAL
ARTICULO VEINTISIETE,30,160,1.5089134579363295,,ARTICULO 27
TIERRA BLANCA BOXTER,30,160,2.482211426164798,,TIERRA BLANCA BOXTER
ESTACION CHAPOPOTE,30,160,2.749354702242512,,ESTACION CHAPOPOTE
HERMENEGILDO GALEANA,30,160,1.504547142901976,,HERMENEGILDO GALEANA
OJITAL CIRUELO,30,160,2.4454341476252233,,OJITAL CIRUELO
ALAMO TORTUGA,30,160,0.1845218322626505,,ALAMO TORTUGA
ALAMO TORTUGA,30,160,3.6391511491049267,,ALAMO TORTUGA
GRAL. ADALBERTO TEJEDA Y SU ANEXO GRACIANO SANCHEZ,30,160,0.43133187664464046,,GRAL. ADALBERTO TEJEDA Y SU ANEXO
ESTACION CHAPOPOTE,30,160,0.5115288047087214,,ESTACION CHAPOPOTE
CHAPOPOTE NU?EZ,30,160,2.8236772500227856,,CHAPOPOTE NUÑEZ
GRAL. ADALBERTO TEJEDA Y SU ANEXO GRACIANO SANCHEZ,30,160,0.041030853720783654,,GRAL. ADALBERTO TEJEDA Y SU ANEXO
GRAL. ADALBERTO TEJEDA Y SU ANEXO GRACIANO SANCHEZ,30,160,0.7531409890690356,,GRAL. ADALBERTO TEJEDA Y SU ANEXO
AGUA NACIDA,30,160,4.250996834548781,,AGUA NACIDA  Y ANEXOS
GRAL. ADALBERTO TEJEDA Y SU ANEXO GRACIANO SANCHEZ,30,160,1.3097573801996842,,GRAL. ADALBERTO TEJEDA Y SU ANEXO
EL JARDIN,30,160,1.232690706998323,,EL JARDIN
KILOMETRO 33 Y PASO REAL VIEJO,30,160,3.4025452915494445,,KILOMETRO 33  PASO REAL VIEJO
HIDALGO AMAJAC,30,160,2.651036205266593,,HIDALGO AMAJAC
AGUA NACIDA,30,160,1.0176337995407951,,AGUA NACIDA  Y ANEXOS
PUEBLO NUEVO DE ALAMO,30,160,2.847431596950596,,PUEBLO NUEVO DE ALAMO
LA UNION,30,160,0.06428184697119695,,LA UNION
ESTERO DEL IDOLO,30,160,0.24863789335182834,,ESTERO DEL IDOLO
BUENA VISTA MOLINO Y ANEXOS,30,160,1.2357333399729968,,BUENAVISTA MOLINO Y ANEXOS
LA CONCEPCION,30,160,2.8929488708759137,,LA CONCEPCION
HIDALGO AMAJAC,30,160,0.05945638967790005,,HIDALGO AMAJAC
CITLALTEPETL,30,160,0.7172163325406695,,CITLALTEPETL
PASO REAL,30,160,2.7075346417184303,,PASO REAL
LA REFORMA,30,160,3.7271621528348198,,LA REFORMA
ZANJA DEL BOTE,30,160,1.4686170241792962,,ZANJA DEL BOTE
BUENOS AIRES,30,160,0.1857659619710133,,BUENOS AIRES
LA ESPERANZA,30,160,1.7678900654269185,,LA ESPERANZA
"LAS CA?AS Y SUS ANEXOS COYOLAR, COYOL CUATE, CHALAHUITE, GRANADILLA Y LA FLORIDA",30,160,2.5309284477979896,,LAS CAÑAS Y ANEXOS
CERRO DULCE,30,160,3.170257754104816,,CERRO DULCE
CERRO DULCE,30,160,1.5501553824649041,,CERRO DULCE
EL TERRERO,30,175,3.2714491245958355,,EL TERRERO
"LAS CA?AS Y SUS ANEXOS COYOLAR, COYOL CUATE, CHALAHUITE, GRANADILLA Y LA FLORIDA",30,160,0.8417433071148243,,LAS CAÑAS Y ANEXOS
"LAS CA?AS Y SUS ANEXOS COYOLAR, COYOL CUATE, CHALAHUITE, GRANADILLA Y LA FLORIDA",30,160,0.03161416093945967,,LAS CAÑAS Y ANEXOS
ZIPATLAN,30,175,2.309698927860782,,ZIPATLAN
LA CEIBA,30,157,2.2348699588680794,,LA CEIBA
FRANCISCO VILLA,30,175,2.269869067458205,,FRANCISCO VILLA ANTES TARRAL
LA ESFERA,30,175,1.0580794413059247,,LA ESFERA
TECOMATE Y ANEXO LAS PUENTES,30,175,2.049765455561691,,TECOMATE Y ANEXO LAS PUENTES
TECOMATE Y ANEXO LAS PUENTES,30,175,1.0277766827549808,,TECOMATE Y ANEXO LAS PUENTES
TIHUATLAN Y SU ANEXO COLONIA BENITO JUAREZ,30,175,0.31670446121926543,,TIHUATLAN Y ANEXO
LA REFORMA,30,175,4.556333973129177,,LA REFORMA
LA REFORMA,30,175,2.0669986968653715,,LA REFORMA
BUENA VISTA,30,175,1.476157919493623,,BUENA VISTA
NUEVO PROGRESO,30,175,1.3468049726698095,,PROGRESO O NUEVO PROGRESO
NUEVO PROGRESO,30,175,1.1799215113144188,,PROGRESO O NUEVO PROGRESO
RANCHO NUEVO,30,175,3.353550193609163,,RANCHO NUEVO
LA ISLA,30,175,2.2300733541621227,,LA ISLA
LAZARO CARDENAS,30,175,0.08997210859201411,,LAZARO CARDENAS
POZA RICA DE CUERO,30,131,1.789699185837832,,POZA DE CUERO
SAN MIGUEL MECATEPEC,30,175,1.2072327167207413,,SAN MIGUEL MECATEPEC
ARROYO DEL MAIZ,30,131,2.5183198626403347,,ARROYO DEL MAIZ
RICARDO FLORES MAGON,30,175,0.31560340449469065,,RICARDO FLORES MAGON
ZACATE COLORADO,30,175,2.6770757590406165,,ZACATE COLORADO
ESCOLIN DE OLARTE,30,040,2.1278230548563726,,ESCOLIN DE OLARTE
COATZINTLA,30,040,4.010276325801803,,COATZINTLA
ESCOLIN DE OLARTE,30,040,0.5290442890221964,,ESCOLIN DE OLARTE
LA CONCHA,30,124,2.547880111834419,,LA CONCHA
SAN PABLO,30,124,0.4388670543120623,,SAN PABLO
EL COCO,30,069,0.9643402560506774,,EL COCO
EL PALMAR,30,124,0.5211209317503321,,EL PALMAR
CACAHUATAL,30,069,1.6241884573132646,,CACAHUATAL
EL PALMAR,30,124,0.5910462840733332,,EL PALMAR
EL PALMAR,30,124,0.36151012478458594,,EL PALMAR
IGNACIO MU?OZ,30,069,1.7720619154292991,,IGNACIO MUÑOZ
SANTA ROSA,30,069,3.0381072148152413,,SANTA ROSA
CACAHUATAL,30,069,1.038097507646476,,CACAHUATAL
IGNACIO MU?OZ,30,069,2.151620268029165,,IGNACIO MUÑOZ
CRUZ DE LOS ESTEROS,30,158,2.044152546323473,,CRUZ DE LOS ESTEROS
SAN ANTONIO CORONADO,30,069,2.4309344858469357,,SAN ANTONIO CORONADO
EL COCO,30,069,2.149549733380877,,EL COCO
SAN ANTONIO CORONADO,30,069,3.279615613296035,,SAN ANTONIO CORONADO
ANCLON Y ARENAL,30,069,2.6591962222197254,,ANCLON Y ARENAL
LA VICTORIA,30,158,2.5269701758267673,,LA VICTORIA
EL PALMAR,30,124,1.8616815530418427,,EL PALMAR
SOTO Y GAMA,30,069,0.5193313756140588,,SOTO Y GAMA
SOTO Y GAMA,30,069,0.4828184004750761,,SOTO Y GAMA
CACAHUATAL,30,069,0.5848982444422415,,CACAHUATAL
RIACHUELOS,30,158,1.5004538937016325,,RIACHUELOS
PLAN DE VILLA CUAUHTEMOC,30,158,0.9124784445819911,,PLAN DE VILLA CUAUHTEMOC
PORTUGUES,30,069,3.5583264889765056,,PORTUGUES
SAN MIGUEL,30,069,1.6761793848252764,,SAN MIGUEL
PASO HIDALGO,30,158,2.9124954830144096,,PASO DE HIDALGO
PASO REAL,30,158,3.502109349239274,,PASO REAL
LA GUADALUPE,30,158,2.174791734797883,,LA AGUADA O CANDIDO AGUILAR
RIACHUELOS,30,158,1.896452701794962,,RIACHUELOS
FLORES MAGON,30,158,0.15278359072491643,,FLORES MAGON
LA VIGUETA,30,158,0.6319563487316224,,LA VIGUETA
FLORES MAGON,30,158,4.633483383925336,,FLORES MAGON
LA VIGUETA,30,158,0.2094944867765231,,LA VIGUETA
MONTE GORDO,30,158,1.5639530026547797,,MONTE GORDO
CASITAS,30,158,1.9274621992444905,,CASITAS
MONTE GORDO,30,158,0.6003704828585065,,MONTE GORDO
MONTE GORDO,30,158,0.2437996791659326,,MONTE GORDO
MONTE GORDO,30,158,1.6323392701498405,,MONTE GORDO
CASITAS,30,158,1.8045394713179745,,CASITAS
NAUTLA,30,114,0.6815868653583002,,NAUTLA
NAUTLA,30,114,1.968128383494347,,NAUTLA
NAUTLA,30,114,0.31690787253426494,,NAUTLA
NAUTLA,30,114,0.04099654493289768,,NAUTLA
ALTILLO BARRA DE PALMAS,30,114,1.2843226099799305,,"ALTILLO, BARRA DE PALMAS"
EL LAUREL,30,192,1.3684222649293536,,EL LAUREL
EL LAUREL,30,192,2.418244898874061,,EL LAUREL
EL LAUREL,30,192,2.610322018647717,,EL LAUREL
APARICIO Y SU ANEXO EL DIAMANTE,30,192,0.5461450472570217,,APARICIO Y SU ANEXO EL DIAMANTE
LAS HIGUERAS,30,192,1.0586812464337145,,LAS HIGUERAS
VEGA DE ALATORRE,30,192,0.19332920350096314,,VEGA DE ALATORRE
VEGA DE ALATORRE,30,192,0.14199685173255278,,VEGA DE ALATORRE
LECHUGUILLAS,30,192,3.303139358168747,,LECHUGUILLA
EMILIO CARRANZA,30,192,1.8859200148251976,,SANTA BARBARA
EL TACAHUITE,30,192,2.1708892419712216,,EL TACAHUITE
LECHUGUILLAS,30,192,1.8939404519410337,,LECHUGUILLA
EMILIO CARRANZA,30,192,2.2536294307744122,,SANTA BARBARA
EMILIO CARRANZA,30,192,0.17394362195109667,,SANTA BARBARA
EMILIO CARRANZA,30,192,1.7219522959327682,,SANTA BARBARA
RANCHO NUEVO,30,192,1.3711923067643694,,RANCHO NUEVO
SANTA ANA,30,009,0.9390770653206199,,SANTA ANA
SANTA ANA,30,009,0.7728229158171475,,SANTA ANA
TINAJITAS Y ANEXO PALMAS DE ARRIBA,30,004,0.21587636576688884,,TINAJITAS Y ANEXO PALMAS DE ARRIBA
TINAJITAS Y ANEXO PALMAS DE ARRIBA,30,004,0.5453306504316664,,TINAJITAS Y ANEXO PALMAS DE ARRIBA
PALMAS DE ABAJO,30,004,0.6289640169582024,,PALMAS DE ABAJO
PASO DEL CEDRO,30,004,0.3452106186563286,,PASO DEL CEDRO
VIRGILIO URIBE ANTES SAN ISIDRO,30,004,0.794832023369033,,VIRGILIO URIBE ANTES SAN ISIDRO
MOZOMBOA,30,004,5.844717304433765,,MOZOMBOA
VIRGILIO URIBE ANTES SAN ISIDRO,30,004,0.3772668254833239,,VIRGILIO URIBE ANTES SAN ISIDRO
REAL DEL ORO,30,004,3.0925003822233226,,REAL DEL ORO
VIRGILIO URIBE ANTES SAN ISIDRO,30,004,0.8810685792317969,,VIRGILIO URIBE ANTES SAN ISIDRO
PASO DE DO?A JUANA,30,191,2.7240369953494827,,PASO DE DOÑA JUANA
VIRGILIO URIBE ANTES SAN ISIDRO,30,004,0.6058517974984541,,VIRGILIO URIBE ANTES SAN ISIDRO
LOS HORNITOS,30,004,3.489117236441921,,LOS HORNITOS
EL PARAISO,30,191,3.105241750004728,,PARAISO ANTES LA CHARCA
ZEMPOALA,30,191,1.6898228805478097,,EL AGOSTADERO
URSULO GALVAN,30,191,1.70366984231432,,URSULO GALVAN
EL PORVENIR,30,191,2.1911685039831834,,EL PORVENIR
PASO DEL BOBO Y EL ARENAL,30,191,0.19940665499358556,,PASO DEL BOBO Y EL ARENAL
PASO DEL BOBO Y EL ARENAL,30,191,0.7580727708791718,,PASO DEL BOBO Y EL ARENAL
EL PORVENIR,30,191,1.6143541562425623,,EL PORVENIR
LA GLORIA,30,191,1.3975333499825056,,LA GLORIA
EL LIMONCITO,30,191,1.0510145699626356,,EL LIMONCITO
URSULO GALVAN,30,191,2.842480484688718,,URSULO GALVAN
EL LIMONCITO,30,191,0.16683498522889023,,EL LIMONCITO
COLONIA FRANCISCO I. MADERO,30,134,0.2907698353296472,,COLONIA FRANCISCO I. MADERO
EL CIRUELO,30,191,1.4124081534831954,,EL CIRUELO
URSULO GALVAN,30,191,2.846175315504898,,URSULO GALVAN
EL CIRUELO,30,191,1.481298669351879,,EL CIRUELO
URSULO GALVAN,30,191,1.924826492476842,,URSULO GALVAN
JOSE CARDEL,30,016,1.5031094773966587,,JOSE CARDEL
EL MODELO,30,016,2.0015702897512995,,EL MODELO
JOSE CARDEL,30,016,1.8422678305946705,,JOSE CARDEL
EL MODELO,30,016,0.8926149136872946,,EL MODELO
NICOLAS BLANCO,30,016,1.4999822775130103,,NICOLAS BLANCO
EL MODELO,30,016,1.6520151482479397,,EL MODELO
CABEZAS,30,134,2.022111804991845,,CABEZAS
JOSE CARDEL,30,016,0.274267167332096,,JOSE CARDEL
PLAYA ORIENTE,30,016,0.6137540269570777,,PLAYA ORIENTE
NICOLAS BLANCO,30,016,0.35200937062966,,NICOLAS BLANCO
NICOLAS BLANCO,30,016,0.34406425253216133,,NICOLAS BLANCO
MATA GRANDE,30,126,1.7079560274490961,,MATA GRANDE Y ANEXOS
JOSE CARDEL,30,016,0.89004639314724,,JOSE CARDEL
LA ANTIGUA,30,016,1.3352150586834644,,LA ANTIGUA
SALMORAL,30,016,1.1258788588057895,,SALMORAL
SALMORAL,30,016,3.2980047116135776,,SALMORAL
JOSE INGENIEROS,30,016,1.2873823045347712,,JOSE INGENIEROS
LA POSTA,30,016,0.8329168950304785,,LA POSTA
JOSE INGENIEROS,30,016,0.5764365363002633,,JOSE INGENIEROS
LA POSTA,30,016,1.0926947072535478,,LA POSTA
LA POSTA,30,016,2.3602909833034142,,LA POSTA
JOSE INGENIEROS,30,016,1.6457321832865066,,JOSE INGENIEROS
LA ANTIGUA,30,016,1.4980994263762117,,LA ANTIGUA
JOSE INGENIEROS,30,016,1.2033223794889683,,JOSE INGENIEROS
LA PUREZA,30,016,2.9514794073535975,,LA PUREZA
EL HATILLO,30,016,3.2930994277539183,,EL HATILLO
LOMA IGUANA,30,016,2.695403396918122,,LOMA IGUANA
SANTA FE Y ANEXOS,30,193,1.12543752952358,,SANTA FE
SANTA FE Y ANEXOS,30,193,2.3243367384794515,,SANTA FE
SANTA FE Y ANEXOS,30,193,0.44764030902673724,,SANTA FE
MALIBRAN,30,193,2.404492374958872,,MALIBRAN
PASO DE SAN JUAN,30,193,1.3593880641494895,,PASO DE SAN JUAN
VALENTE DIAZ (ANTES TEJERIA),30,193,2.26938849600497,,VALENTE DIAZ ANTES TEJERIA
VALENTE DIAZ (ANTES TEJERIA),30,193,1.6137099990149402,,VALENTE DIAZ ANTES TEJERIA
CABO VERDE Y CA?OS DE SANTA RITA,30,193,3.1260899629010113,,CABO VERDE Y CAÑOS DE SANTA RITA
SANTA RITA,30,193,2.6273475772013493,,SANTA RITA
MALIBRAN,30,193,1.4535137087755514,,MALIBRAN
VALENTE DIAZ (ANTES TEJERIA),30,193,0.05171095406719099,,VALENTE DIAZ ANTES TEJERIA
DOS LOMAS,30,193,0.005423113135869545,,DOS LOMAS
MATA COCUITE,30,193,1.7451193965390541,,MATA COCUITE
EL CEDRAL,30,105,2.1931198537117895,,EL CEDRAL
