osm_id,name,place,dist_to_co
273584290,Tampico,city,0.6321666017508721
287596853,Nautla,town,0.1199160162609542
472255717,Poza Rica,city,0.7450184466121
472257693,Papantla de Olarte,town,2.3443140987605084
472257731,Coatzintla,town,4.2045411771932395
472257748,Álamo,town,0.8745428230755625
472257760,Cerro Azul,town,0.2883749967458681
472257772,José Cardel,town,0.6275796928412982
472257774,Naranjos,town,0.49271943586551875
472257782,Valente Díaz,town,0.5163866737578202
472257789,Benito Juárez,village,0.28937745645343665
472257805,Anáhuac,village,0.5006347373871626
472257815,Gutiérrez Zamora,town,0.9123425237015409
472258089,Zempoala,town,3.302394104402361
472258142,Vega de Alatorre,town,0.3061635153836788
472258195,Hidalgo,village,3.7725737286952437
472258214,Cabezas,village,1.7415711423210658
472258222,Úrsulo Galván,town,2.593545928449133
472258254,Emilio Carranza,village,0.5131957880304345
472258261,Primero de Mayo (Los Mangos),village,3.4116111228170496
472258275,Chinampa de Gorostiza,town,4.025276259270448
472258329,Potrero del Llano,village,1.8716560983230441
472258398,Ozuluama de Mascareñas,town,1.0348173413313178
472258537,Estero del Ídolo,village,0.7255615855751864
472259110,Delfino Victoria - Santa Fe,village,0.8021771678773346
472259479,La Gloria,village,1.5690889401595596
472259531,Colonia las Flores,village,0.9337916658648373
472259560,Arroyo del Maíz 1,hamlet,3.060547092196597
472259588,Chapopote Núñez,village,0.47287152524984605
472259624,Palma Sola,village,0.013359429773856806
472259758,Tampico Alto,town,0.23191813435475842
472259765,Casitas,village,0.0862493802078656
472259907,Amatlán,village,3.284787513730584
472259918,Kilómetro Veintidós,village,0.17158449101049686
472260022,Tinajitas,village,3.2209446262994983
472260061,Carrillo Puerto (Santa Rosa),village,4.947057351077011
472260264,Tierra Blanca Booxter,village,0.03565988677582139
472260348,San Isidro,village,0.7290576011284582
472260389,La Concepción,village,2.902894824910827
472260472,Barra de Chachalacas,village,4.871837042123311
472260478,El Tajín,village,4.753866342177747
472260521,Santa Rita,hamlet,1.5897547410803294
472260550,Zacamixtle,village,1.1376545715696702
472260558,Corralillos,village,3.3829251760662618
472260566,San Julián,village,0.364439131035019
472260584,La Guadalupe,village,0.2632643024273104
472260591,Las Higueras,village,1.4491476148441809
472260635,Nicolás Blanco (San Pancho),village,0.20907412029281255
472260636,La Unión,village,0.655820954780863
472260640,Hornitos,village,4.414511541454425
472260643,El Paraíso (La Charca),village,2.695850014011798
472260647,El Farallón,village,1.0075276889883173
472260678,El Mollejon,hamlet,3.3617494207039944
472260696,Hidalgo Amajac,village,2.4787420828077353
472260701,Escolín de Olarte,hamlet,1.58436801087042
472260712,Buenos Aires (San Isidro),village,0.1626044455737068
472260717,Agua Nacida,village,2.2358659115994683
473373216,El Palmar,hamlet,4.831119468834299
473373230,Ricardo Flores Magón,hamlet,0.12477846002476506
473373239,La Antigua,hamlet,0.10224015416331429
473373246,Salmoral Parte del Sur,hamlet,1.6788448262333666
473373273,Paso del Cedro,hamlet,0.22650627631083722
473373279,Infonavit el Pando I,hamlet,0.4319241475313089
473373297,Nuevo Renacimiento 2000,hamlet,0.09384824737593284
473373303,San Pablo,hamlet,0.19579507473968666
473373398,El Escolín,hamlet,0.3914865820840985
473373422,Palmas de Abajo,hamlet,4.198190485147752
473373441,Loma Bonita,hamlet,0.7787209323253323
473373474,Ojital Ciruelo,hamlet,2.476367220322889
473373494,Santa Ana,hamlet,0.16697056424974321
473373501,La Estación (Puerta 7),hamlet,0.3879255864170857
473373505,Juan Felipe,hamlet,1.0468571611685684
473373529,La Pureza,hamlet,2.5514179183827586
473373548,El Zapotal,hamlet,0.41038300676815814
473373622,La Ribera,hamlet,2.6542579641395685
473373656,Troncones y Potrerillos,hamlet,4.611581367295582
473373675,Horcones,hamlet,0.46341311385897666
473373681,Alto del Moralito,hamlet,0.04459826697824798
473373703,La Reforma,hamlet,1.9148946000542493
473373705,La Grandeza,hamlet,3.4990352275409196
473373709,Reforma Escolín,hamlet,0.4654557837545292
473373712,Cruz de los Esteros,hamlet,2.5034589726722567
473373720,Kilómetro Cuarenta y Tres,hamlet,0.881874233536552
473373724,Salmoral,hamlet,1.541371958154096
473373731,Cabo Verde,hamlet,3.3295432894639165
473373747,Las Cañas de Abajo,hamlet,0.48886265969689763
473373874,Colonia el Trébol,hamlet,0.7004978585015615
473373888,Cerro Dulce,hamlet,0.5575298801795024
473373903,El Cedro,hamlet,1.4048674950571798
473373944,Rancho Nuevo,hamlet,1.1593004744107231
473373951,Raudal Nuevo,hamlet,3.9566393914774296
473373954,El Arenal,hamlet,0.8952847823877303
473374097,El Crucero (Estación Pedernales),hamlet,2.948830328220021
473374118,Real del Oro,hamlet,2.4774253778948236
473374125,Kilómetro Treinta y Tres (Paso Real),hamlet,4.1553055592631205
473374129,Vara Alta,hamlet,4.127511536957894
473374141,Galeana,hamlet,4.742698151285471
473374171,La Laja,hamlet,2.3917475269770496
473374176,Monte Gordo,hamlet,0.08662881582773037
473374241,Piedra Labrada,hamlet,4.8027148831864
473374265,Paso de Doña Juana,hamlet,2.9085017433027702
473374283,Jardín Viejo,hamlet,2.8023869870979445
473374302,Cervantes,hamlet,0.4355142009471629
473374317,Ojital Santa María,hamlet,4.325898116419498
473374328,La Concha,hamlet,2.332922468971324
473374346,El Pando,hamlet,1.5388788846771242
473374347,Ignacio Muñoz (Zapotal),hamlet,2.150332218420841
473374353,El Palmar,hamlet,1.2765844627082819
473374385,Colonia Miguel Hidalgo,hamlet,0.11885673807127045
473374415,J. Guadalupe Rodríguez (Despoblado),hamlet,3.0387062746988502
473374466,General A. Tejeda y su A. Graciano Sánchez,hamlet,0.6963606233890484
473374468,La Tortuga,hamlet,0.8616998940420174
473374480,Barra de Palmas,hamlet,0.43055399180143067
473374498,La Vigueta,hamlet,0.07678677217482978
473374517,El Viejón Nuevo,hamlet,0.2464812050422407
473374647,Citlaltépetl,hamlet,1.1744716480607247
473374658,Santa Cruz,hamlet,3.297096872689471
473374688,Loma de San Rafael,hamlet,4.686116867292617
473374703,Totomoxtle,hamlet,0.06663032117933397
473374737,Unión y Progreso,hamlet,4.015314910913417
473374768,La Loma,hamlet,3.76898487933442
473374797,Yucatán,hamlet,1.5493797078531808
473374821,El Chalahuite,hamlet,1.0706882097583483
473374824,La Esperanza Nueva,hamlet,1.215365334401915
473374835,Potrerillos,hamlet,0.21905805649653212
473374866,Llano de Bustos,hamlet,1.1806640313610224
473374882,Playa Oriente,hamlet,0.08938429457180816
473374885,Ojital Viejo,hamlet,3.5680257654103715
473374890,El Hatillo,hamlet,3.4271639454007063
473374913,Cedral,hamlet,3.36647590049568
473374916,El Guayabo,hamlet,1.039413916881159
473374921,Ignacio Zaragoza,hamlet,0.09401505858548453
473374975,La Granadilla,hamlet,2.2924879494085633
473375003,Zanja del Bote,hamlet,0.3851147631751379
473375028,San Luciano,hamlet,2.9080861378338847
473375093,Las Chacas,hamlet,3.9397586234445843
473375099,Palmarillo,hamlet,2.9386698060867884
473375123,Otatal,hamlet,1.3189754194879952
473375151,Unidad Socialista,hamlet,2.0296471237695495
473375172,Las Américas Grandes,hamlet,2.812558586195948
473375173,Ojital Nuevo,hamlet,2.1053243248283553
473375204,Lucio Blanco,hamlet,4.378994418072397
473375437,Arroyo Colorado,hamlet,3.9604804505928115
473375471,Lázaro Cárdenas (Riachuelos),hamlet,3.3012683106376293
473375577,Zaragoza,hamlet,2.0761011294827387
473375625,Lechuguillas,hamlet,2.690794455329697
473375981,Moyutla (Kilómetro Cuarenta y Ocho),hamlet,1.7656941809133788
473376058,Nuevo Xúchitl,hamlet,4.421604022335794
473376075,Ejido Álamo Tortuga (Santa Elena),hamlet,4.490692998715046
473376084,Santander,hamlet,0.10303314497217705
473376133,José Ingenieros (San Vicente),hamlet,0.7245632937135755
473376145,La Esperanza Vieja,hamlet,3.110020251608401
473376182,Alto de la Zapupera,hamlet,2.865653160704735
473376256,Colonia Petrolera Lindavista,hamlet,2.2591677509098247
473376307,El Porvenir,hamlet,1.9518914601405137
473376310,La Puente,hamlet,0.516309081728304
473376324,Colonia Morelos (El Veinticinco),hamlet,1.9538440882803978
473376349,La Ceiba,hamlet,2.4388455413219754
473376389,La Reforma (La Nueva Reforma),hamlet,2.943991664782473
473376690,Hermenegildo Galeana,hamlet,0.8265503149728239
473376871,Paso Real,hamlet,3.501621779185688
473376975,Mata de Tampico (La y Griega),hamlet,4.229172497258355
473377000,El Raudal (Raudal de las Flores),hamlet,0.18757703149627425
473377005,La Victoria,hamlet,1.7372334123537594
473377021,La Mora,hamlet,0.1319971540181711
473377024,Villarín,hamlet,1.2002783784901938
473377030,La Libertad,hamlet,4.42542315974922
473377086,Palmira,hamlet,4.983951138494967
473377247,Potrero del Llano,hamlet,2.579436586162031
473377290,La Posta,hamlet,0.563316244379065
473377566,Poza Larga,hamlet,3.966612269693057
473377743,Colonia Nueva Generación,hamlet,0.672456769603386
473377903,Plan de Villa Cuauhtémoc (El Negro),hamlet,0.14263790889479805
473378000,Francisco I. Madero,hamlet,0.7199863105686534
473378092,Mata Grande,hamlet,3.5688065501301818
473378108,El Anono Cucharas,hamlet,2.2791281184101693
473378121,Zapotal Santa Cruz,hamlet,4.593004472580614
473378180,El Cepillo,hamlet,4.559386023710207
473378289,Toteco,hamlet,2.7514289219932966
473378302,El Cedral (Poblado el Cedral),hamlet,4.402998080998065
473378354,Escobal (Ejido Escobal),hamlet,1.2875577229435822
473378626,Arroyo Grande Número Dos,hamlet,4.305794093631997
473378638,El Laurel,hamlet,3.06569709419525
473378653,Aquiles Serdán (Río Blanco),hamlet,1.6393046976967318
473378785,Portezuelo,hamlet,4.966949279177525
473378925,Kilómetro 100,hamlet,2.330586340781369
473379129,La Escondida,hamlet,2.704481799567743
473379161,El Ixtle,hamlet,4.348181125597076
473379195,Ignacio Zaragoza (La Poza),hamlet,1.720936300431138
473379337,Mata de Chávez,village,4.528745934438325
473379399,La Luz del Portugués,hamlet,2.91399445397548
473379600,Kilómetro 75,hamlet,2.9618370870161472
473379756,El Palmar,hamlet,4.042895232125903
473379769,Kilómetro 79,hamlet,1.5740041440226777
473379770,Paso la Uno,hamlet,2.8781287602479297
473379982,La Bartolina,hamlet,4.882133107067138
473380067,Arroyo Grande No. 1,hamlet,4.216650739411962
473380112,San Andrés,hamlet,3.789945275309777
473380122,La Esperanza,hamlet,3.7999799020052802
473380124,El Xúchitl Viejo,hamlet,0.46242368068341827
473380227,El Aguacate (Jardín Viejo),hamlet,1.7232954707023078
473380253,Juan Casiano,hamlet,2.9863501565172164
473380382,La Laja,hamlet,4.35765415177296
473380445,Los Potreros,hamlet,4.454420331353251
473380447,Chapopote,hamlet,1.997454675922819
473380599,Horconcitos,village,0.2715384438287837
473380667,La Empalizada,hamlet,3.573869188233744
473380733,El Limoncito,hamlet,0.25630450804637406
473380735,El Sauce,hamlet,1.761625950257252
473380773,Palma Nueva,hamlet,4.799963397585642
473380827,Solidaridad (Chinampa Número Uno),hamlet,4.289742661582352
473380865,Puerta Siete,hamlet,0.00704200792339261
473380866,La Lajita,hamlet,3.747121416079155
473380887,Calmecate,hamlet,1.2610245907393154
473380924,El Bajío,hamlet,0.2225504278922767
473380939,Estación Llano Grande,hamlet,4.131449231720934
473380976,Paguas de Arroyo Grande,hamlet,4.700479412424446
473380991,Terrero Cucharas,hamlet,0.7976424839950288
473381061,Rancho Nuevo,hamlet,0.158204875087472
473381103,Nuevo Paso Real,hamlet,3.1575285867703085
473381108,La Desviación (Colonia Vicente Guerrero),hamlet,0.20878241051947485
473381154,Agua Salada,hamlet,3.775630314604468
473381158,Cerro de Oro,hamlet,4.208862889595226
473381165,Mata Cocuite,hamlet,2.809351477887024
473381191,La Defensa (La Tumba),hamlet,0.7651012764765178
473381194,El Alazán (Ex-hacienda el Alazán),hamlet,0.0921384665501227
473381339,Fraccionamiento el Sacrificio,hamlet,0.07955910294527758
473381392,Los Caños de Santa Rita,hamlet,1.5569283204165902
473381418,Talaxca,hamlet,4.564427077703882
473381435,San Antonio Ojital,hamlet,1.527083917449925
473381447,El Mirador (El Manguito),hamlet,0.26722594119136023
473381495,Kilómetro 80,hamlet,1.5438100411650235
473381505,El Chote,hamlet,4.0933788464291005
473381513,Monte Verde,hamlet,2.810033903973842
473381684,El Cerrito,hamlet,1.8170408221657635
473381753,Alto del Pozo Viejo,hamlet,1.0567348360122955
473381924,Ampliación Ejido Primero de Mayo,hamlet,2.6119023020526675
473382180,Palma Real,hamlet,3.787415949194637
473382209,Potrero Alto,hamlet,2.4395666856494778
473382419,La Ensenada (San Juan),hamlet,3.046490810457787
473382638,Cuatro Palmas,hamlet,0.20091045686558542
473382644,Las Colonias,hamlet,0.5427663432453972
473382800,El Arbolito,hamlet,0.21641097994229613
473382816,El Manguito,hamlet,1.546683477431141
473382874,La Martinica (Arroyo Grande Primero),hamlet,3.324589248600607
473383065,Tres Flechas,hamlet,0.2551362690065344
473383105,El Esfuerzo,hamlet,4.269565104870139
473383158,Garrapatas Kilómetro 82,hamlet,1.7637419028080425
473383204,Ampliación Palmarillo,hamlet,4.178523822232046
473383212,El Aguacate,hamlet,0.5379567048678449
473383219,Garrapatas,hamlet,3.026152689934323
473383240,Llano de Enmedio,hamlet,2.3847902209397853
473383330,Vainilla,hamlet,2.0095352844260246
473383346,Buenos Aires 2,hamlet,1.225962005681244
473383358,Los Zavales,hamlet,2.185963029735643
473383409,Kilómetro Quince,hamlet,4.374254844757987
473383410,Fraccionamiento Totonacapan del Sur,hamlet,0.13446610931268246
473383448,Punta de Bustos,hamlet,2.0395832866250427
473383827,La Luz,hamlet,4.037993820548885
473383893,Américas Chicas,hamlet,3.834401672177896
473383895,Llano Grande,hamlet,0.359972282183542
473384010,Colonia el Esfuerzo (Pueblo Nuevo),hamlet,1.1635945382085888
473384654,Tres Flores,hamlet,4.116971505676259
473384732,El Varal,hamlet,2.66703619657693
473384779,Ejido Soto y Gama,hamlet,0.09998696410008787
473384822,Cerro del Mesón,hamlet,4.984423554001061
473384846,Poza del Tule,hamlet,2.40782234056325
473384847,La Guadalupe,hamlet,3.328401747254279
473384864,La Ensenada,hamlet,2.4502831297498093
473384936,José María Pino Suárez,hamlet,0.8210648992258672
473384940,Colonia Palmas del Mar,hamlet,0.19372345200829336
473384957,Villa Rica de la Veracruz,village,0.9235328266666664
473384964,El Huanal,hamlet,0.3748762896241102
473385043,El Coyolito,hamlet,1.6319133446212726
473385061,Santa Mariquita,hamlet,3.719967801300058
473385079,Buenos Aires,hamlet,2.4964154671888217
473385099,El Nuevo Progreso,hamlet,3.250920350961429
473385117,Tampajulán,hamlet,4.208202844315671
473385120,María Quinta de las Nieves,hamlet,4.394144404166613
473385153,Colonia Miguel Hidalgo,hamlet,0.19578528218257954
473385188,Colonia la Primavera,hamlet,4.508946033832564
473385192,Playa Oriente,hamlet,0.048950750873290164
473385200,Valle Esmeralda,hamlet,0.2024363530872223
473385234,Monte Grande (El Águila),hamlet,1.644592177064598
473385253,La Alborada,hamlet,2.673378275570355
473385272,El Piñal,hamlet,4.765512560024426
473385275,Sector San Mateo de Polutla,hamlet,3.7718303455288598
473385358,El Veladero,hamlet,0.3556151639449259
473385368,Paso la Uno II,hamlet,2.4726055977156216
473385518,La Reforma,hamlet,1.163680705496816
473385690,Los Pichones,hamlet,3.7587333406197025
473385748,Los Baños,hamlet,4.19569426530699
473385818,El Joss,hamlet,3.151632969003736
473385898,El 14 (Hidalgo Amajac),hamlet,0.08190408523657342
473385951,El Otate,hamlet,4.869282552014139
473385976,Soledad Chiquita,hamlet,2.4219006948267556
473385993,Ejido Cedral,hamlet,2.981061776826406
473386489,La Sabana,hamlet,4.524280237298078
473386516,Adalberto Tejeda,hamlet,2.573298608525858
473386679,Saltillo Grande,hamlet,0.5345980280801804
473386939,Desviación Farallón Tinajitas,hamlet,0.05927784458659909
473386956,El Ojital,hamlet,0.6618817208323757
473387029,Loma de Piedra,hamlet,3.8829868624295836
2144878257,Ciudad Cuauhtémoc,town,0.861547845098841
2420383143,Kawatzin,hamlet,4.292863854338618
2818858284,Ciudad Madero,city,3.6680649731803223
3362609847,San Lorenzo Tajín,hamlet,4.2449737920396045
3451407377,Mentidero,hamlet,4.08337732904055
3675400702,Anclón y Arenal,village,2.3392859402602486
3675400706,Arroyo Grande,hamlet,2.5749382396019103
3675400717,Cazuelas,hamlet,3.028620652799888
3675400723,Colonia Díaz Mirón,hamlet,0.4542833157662997
3675401139,El Calvario,hamlet,2.6906812428398657
3675401144,El Coco,hamlet,0.7839229126979996
3675401159,El Mango,hamlet,0.965748931153957
3675401165,El Ojite,hamlet,0.3640451512705533
3675401167,El Palmar,hamlet,0.3384204566688678
3675401220,Fraccionamiento Loma Linda,hamlet,0.11271708005577384
3675401226,Heladio García Vázquez,hamlet,2.554869766806847
3675401227,Hermenegildo Galeana,hamlet,0.1075150840004513
3675401272,La Represa,hamlet,0.08190007810119299
3675401289,Licenciado Gustavo Diaz Ordaz,hamlet,3.1026879364690845
3675401320,Macarena Arrazola,hamlet,3.0858095676522237
3675401540,Paso de Hidalgo,hamlet,3.5048371136930925
3675401584,San Miguel,hamlet,4.866539283226499
3675401585,San Vicente,hamlet,0.44590022286369857
3675401617,Venustiano Carranza,hamlet,0.09495476058727227
3675401618,Vicente Guerrero,hamlet,1.049452637605414
3675401621,Vista Hermosa de Anaya,hamlet,4.4565646550332545
3876420579,Acuatempa,hamlet,1.6422018164982883
3876420591,Ampliacion Ejido Zacate Colorado,hamlet,2.2238336417425186
3876420603,Buena Vista,hamlet,0.3614244977184545
3876420616,Cerro de Buenavista,hamlet,3.358486973403034
3876420622,Chichicuastla,hamlet,2.616171896057015
3876420625,Cinco de Mayo,hamlet,4.608870762500915
3876420650,El Barrio,hamlet,0.43568831852143547
3876421287,El Oriente,hamlet,4.694122402961275
3876421311,El Terrero,hamlet,1.5538969435198675
3876421316,El Veladero,hamlet,0.28717517244153656
3876421320,Emiliano Zapata (La Bomba),village,4.482851626097399
3876421322,Zapotalillo,hamlet,2.9286038234611866
3876421328,Fernando Gutierrez Barrios,hamlet,0.1448699465797935
3876421347,Francisco Villa,hamlet,0.23059358078148803
3876421366,Huizotate,hamlet,3.5362148172769508
3876421377,Jiliapa I,hamlet,4.699567588533789
3876421388,Kilómetro Nueve (Ejido Lázaro Cárdenas),hamlet,0.035598162470083704
3876421389,Kilometro Siete (El Paraiso los Limones),hamlet,0.40615524998209224
3876421401,La Esfera,hamlet,1.0211076151626068
3876421404,La Estrella,hamlet,0.5549920356202936
3876421409,La Isla (Kilometro 10),village,0.1573581215343746
3876421417,La Loma,hamlet,4.567775190543117
3876421426,La Pasadita,hamlet,3.512664997347752
3876421428,La Pedrera,hamlet,2.009889386940855
3876421432,La Reforma,hamlet,3.707160506664916
3876421437,La Union,hamlet,4.671666995573256
3876421449,Las Piedras,hamlet,4.895417039017804
3876421451,Las Puentes,hamlet,0.036791947021631195
3876421457,Lindero,hamlet,3.97874923466578
3876421501,Miguel Hidalgo (Kilometro 17),village,2.4704817185225068
3876421506,Nuevo Progreso (Kilometro 12),village,0.41567118330757546
3876421515,Paso la Uno II,hamlet,2.2790583983573116
3876421516,Paso la Uno,hamlet,2.678215843617901
3876421522,Plan de Ayala,village,0.006155987841810196
3876421547,Rancho Nuevo,village,2.9703283070000426
3876421554,Ricardo Flores Magon,village,0.022315618399505955
3876421779,San Miguel Mecatepec (Manantial),village,0.029908426414535748
3876421789,Santa Fe (Kilometro 8),hamlet,0.02406755945736779
3876421803,Sector la Ceiba (Ejido Poza de Cuero),hamlet,1.5555076715683975
3876421804,Sector los Pajaritos (Totolapa),hamlet,0.5431315032833633
3876421806,Tecomate,hamlet,0.16673564545980324
3876421812,Tihuatlán,town,0.6526456970728398
3876421814,Totolapa,hamlet,0.22093810610948073
3876421827,Zacate Colorado,village,2.181802398215005
3918844283,El Lindero,hamlet,4.809326496162572
4193890431,Barra Juan Ángel,hamlet,0.30337796960108526
4310180598,Playa Lechuguillas,hamlet,3.8214343097627506
4446291185,Cerro Los Metates,hamlet,0.0132871180875674
4446291622,La Loma,hamlet,0.03991101578121239
4446291639,La Cima,hamlet,0.26340445430606235
4446309415,Boca de Loma,hamlet,0.028891247989793888
4519499695,Colonia Las Bigambilias,hamlet,0.3281355997853504
7556378630,Colonia José Vasconcelos,hamlet,1.2421250007185345
7556378631,Colonia Las Américas,hamlet,3.7223296659701823
7556378632,Colonia Xanath,hamlet,1.2614181467125145
7556378633,Colonia La Valentina,hamlet,1.465343658582039
7556378634,Colonia José Manuel Palafox Posadas,hamlet,2.3915098333613813
7556378635,Fraccionamiento Magisterial Xanath,hamlet,0.416718781396727
7556378636,Colonia Independencia,hamlet,0.30699235695517263
7556378638,Fraccionamiento Magisterial Xanath II,hamlet,0.25246751863802225
7556378639,Colonia Libertad,hamlet,0.314302197725354
7556378640,Colonia El Higo,hamlet,0.5609779823347351
7556378641,Colonia Papanes (Margarita Morán Véliz),hamlet,0.4678151657244557
7556378642,Colonia Empleados Municipales,hamlet,2.412449781336106
7556378643,Colonia Ignacio Zaragoza,hamlet,2.924437630620574
7556378644,Colonia Fernando Gutiérrez Barrios,hamlet,3.194413611399922
7556378645,"Unidad Habitacional ""Papantla I""",hamlet,3.439243768602519
7556378646,Colonia Revolución,hamlet,3.5791275557975064
7556378648,Fraccionamiento José Joaquín Fernández de Lizardi,hamlet,3.2894395955789864
7556378649,Colonia Guadalupe,hamlet,3.4362737259823275
7556378650,Colonia Lázara Meldiú,hamlet,3.3144208279239167
7556378651,Colonia Cristóbal Colón,hamlet,3.10843012988846
7556378652,Colonia Margarita Maza de Juárez,hamlet,2.9886598982958352
7556378653,Colonia Antonio M. Quirasco,hamlet,2.6343596491211745
7556378654,Colonia Rafael Murillo Vidal,hamlet,2.889936107518517
7556378655,Colonia Rafael Hernández Ochoa,hamlet,2.608797328963818
7556378656,Colonia Cerro de la Jarana,hamlet,2.3661277462122827
7556378657,Colonia Maestros Rurales,hamlet,2.228107874119404
7556378658,Colonia Cándido Aguilar,hamlet,2.329891665228002
7556378659,Colonia Teresa Peñafiel,hamlet,2.172625970640724
7556378660,Fraccionamiento Azahares del Naranjo,hamlet,1.661266984281777
7556378661,Colonia Ampliación Emiliano Zapata II,hamlet,1.1616835465547117
7556378662,Colonia Ampliación Emiliano Zapata,hamlet,1.2520936451550204
7556378663,Colonia Emiliano Zapata,hamlet,1.6967085854867963
7556378664,Colonia Progreso,hamlet,1.7914164821134884
7556378665,Colonia 20 de Noviembre,hamlet,1.3515042425113615
7556378666,Colonia Pozo 4,hamlet,1.493258403399067
7556378668,Colonia Los Mangos (Posesionarios),hamlet,0.9664218452520222
7556378669,Colonia Cuauhtémoc,hamlet,1.0703501499716852
7556378670,Colonia Manantiales,hamlet,1.0094842910049737
7556378671,Colonia Mirador,hamlet,1.2251872899396279
7556378672,Colonia 10 de Abril,hamlet,0.7779053671960374
7556378673,Colonia Ampliación 10 de Abril,hamlet,0.8439007865396776
7556378674,Colonia Lomas de Plata,hamlet,1.105020127905555
7556378675,Colonia Anáhuac,hamlet,1.3549312724109306
7556378676,Colonia Las Huastecas,hamlet,0.3231958011150424
7556378677,Colonia Unidad Deportiva,hamlet,0.7026899619160863
7556378678,Colonia Unidad y Trabajo,hamlet,0.8540888645835706
7556378679,Colonia Isabel Contreras,hamlet,1.3468580125717846
7556378680,Colonia Benito Juárez,hamlet,1.5127725026841217
7556378681,Colonia Doctores,hamlet,1.5996053257881098
7556378682,Colonia Lázaro Cárdenas,hamlet,1.824851995558991
7556378683,Colonia Benito Juárez,hamlet,2.8704204296688434
7556378684,Colonia Tajin,hamlet,2.483252605037074
7556394085,Colonia Obrera,hamlet,2.3042527325832403
7556394086,Colonia Cardenales,hamlet,1.8887115062456543
7556394087,Colonia El Batán,hamlet,2.1951845364299376
7556394088,Colonia Corpus Cristi,hamlet,2.0832130060865754
7556394089,Colonia Ampliación Adolfo López Mateos,hamlet,1.9014530520833242
7556394090,Colonia Jardines,hamlet,1.7421950982309318
7556394091,Colonia Adolfo López Mateos,hamlet,1.7232263602888291
7556394092,Colonia Miguel Hidalgo,hamlet,1.5395478384629067
7556394093,Colonia Valentín Gómez Farías,hamlet,1.372544484170623
7559820240,Colonia Obras Sociales,hamlet,0.21626485263921186
7559820241,Sector Cuatro,hamlet,0.14720974579178686
7559820242,Sector Uno,hamlet,0.6765384004281086
7559820243,Sector Dos,hamlet,0.22819127591119442
7559820244,Sector Tres,hamlet,0.07485075997550436
7559820245,Sector Cinco,hamlet,0.33413929586457863
7559820246,Colonia FREDEPO,hamlet,0.37086634365471666
7559820247,Sector México,hamlet,0.188700849143334
7559820248,Sector Ceiba,hamlet,1.027524565857076
7559820249,Colonia Santa Isabel,hamlet,0.36310430994037934
7559820250,Colonia Dirección de Caminos,hamlet,0.06606883386036633
7559820251,Colonia Miguel Hidalgo y Costilla,hamlet,0.4423624589891556
7559820252,Colonia Nuevos Proyectos,hamlet,0.3439723160113463
7559820253,Colonia Ampliación Morelos,hamlet,0.7948626040056882
7559820254,Colonia Ricardo Flores Magón,hamlet,0.35745588416215923
7559820255,Colonia Tajín,hamlet,0.2072294837137344
7559820256,Colonia Obrera,hamlet,0.2364105101327352
7559820257,Colonia Laredo,hamlet,0.28941498229566576
7559820258,Colonia Francisco I. Madero,hamlet,0.8167765156143681
7559820259,Colonia Chapultepec,hamlet,1.0586666290472881
7559820260,Colonia La Ceiba,hamlet,3.0879797665184117
7559820261,Colonia Las Vegas,hamlet,3.4383588442597746
7559820262,Colonia Nuevo Progreso,hamlet,2.4833179654869615
7559820263,Colonia Cazones,hamlet,1.6905194529100356
7559820264,Colonia Benito Juárez,hamlet,1.0012824624388372
7559820265,Fraccionamiento La Floresta,hamlet,1.1198849472976022
7559820266,Colonia 27 de Septiembre,hamlet,0.4343966892927096
7559820267,Colonia Morelos,hamlet,0.3658997322729535
7559820268,Colonia Las Granjas,hamlet,0.6198963872873499
7559820269,Colonia Ignacio de la Llave,hamlet,0.2636799402993144
7559820270,Colonia Palma Sola,hamlet,0.31105236903429345
7559820271,Colonia México,hamlet,1.6489791522068595
7559820272,Colonia Magisterio,hamlet,1.760264543371637
7559820273,Fraccionamiento Palmas,hamlet,2.0345367978778928
7559820274,Colonia Lázaro Cárdenas,hamlet,2.461994760458582
7559820275,Colonia Independencia,hamlet,3.2557463207883455
7559820276,Unidad Habitacional Infonavit Poza de Cuero,hamlet,3.7306454794222454
7559820277,Unidad Habitacional Infonavit Las Gaviotas,hamlet,3.4633299152494903
7559820278,Colonia La Rueda,hamlet,3.8859834587154696
7559820279,Colonia La Primavera,hamlet,4.888847331903193
7559820281,Unidad Habitacional Círculo Michoacano,hamlet,3.9529612836700054
7559820282,Colonia Reforma,hamlet,3.7852882259077827
7559820283,Colonia Santa Emilia,hamlet,3.2804835945000836
7559820284,Colonia Manuel Ávila Camacho,hamlet,2.8028070929116025
7559887585,Colonia Cerro del Mesón,hamlet,4.919838340168251
7559887586,Colonia Lealtad Institucional,hamlet,4.657057298326348
7559887587,Colonia La Joya,hamlet,4.56486692378635
7559887588,Colonia Fraternidad Antorchista,hamlet,4.478826543963642
7559887589,Colonia Loma de Las Cruces,hamlet,4.403416731619642
7559887590,Colonia Cristo Rey,hamlet,4.746168554326201
7559887591,Colonia Mecánicos de Piso,hamlet,4.235203359284249
7559887592,Colonia Prensa Nacional,hamlet,4.610981678702014
7559887593,Colonia Los Sauces,hamlet,3.785505514157356
7559887594,Colonia Poza de Cuero,hamlet,3.6785737849800637
7559887595,Colonia Nacional,hamlet,3.4935485290509516
7559887596,Colonia Sector Popular,hamlet,3.4544103544507303
7559887597,Colonia El Mirador,hamlet,3.6851554110386893
7559887598,Colonia 10 de Mayo,hamlet,3.907886694208714
7559887599,Fraccionamiento Arroyo del Mollejón,hamlet,3.6831811122703386
7559887600,Fraccionamiento Kana,hamlet,3.2919930611986583
7559887601,Colonia Reyes Heroles,hamlet,3.4158271265837783
7559887602,Fraccionamiento Los Mangos,hamlet,2.8771509061393625
7559887603,Colonia Santa Fe,hamlet,2.820656677578065
7559887604,Fraccionamiento Arroyo del Maiz,hamlet,2.8101311661167925
7559887605,Colonia Ampliación Parcela 14,hamlet,2.1486322585807653
7559887606,Colonia Técnicos y Profesionistas,hamlet,2.243988191193799
7559887607,Colonia Parcela 14 (5 de Mayo Nueva),hamlet,1.7199373914309908
7559887608,Colonia Ampliación Insurgentes,hamlet,1.594704545772362
7559887609,Colonia Heriberto Jara Corona,hamlet,0.9885864759961998
7559887610,Fraccionamiento Bellavista,hamlet,1.308964146582543
7559887611,Colonia Azteca,hamlet,1.0108018269364025
7559887612,Fraccionamiento Constituyentes,hamlet,0.9910915707110145
7559887613,Colonia Colinas del Sol,hamlet,0.9349775000085967
7559887614,Colonia Yanga,hamlet,1.2408968162806273
7559887615,Fraccionamiento Tepeyac,hamlet,1.5313262847873934
7559887616,Colonia Tepeyac,hamlet,1.8199270348204453
7559887617,Colonia Ejido Arroyo del Maiz,hamlet,2.4231155853910473
7559887618,Residencial Magnolias,hamlet,2.717910848624763
7559887619,Fraccionamiento Privada Las Arboledas,hamlet,2.7460700004605982
7559887620,Residencial La Ceiba,hamlet,2.7864900869939846
7559887621,Residencial Bosques de Santa Elena,hamlet,2.558448795643967
7559887622,Fraccionamiento Valdivia,hamlet,2.2548420813175114
7559887623,Colonia Santa Elena,hamlet,2.1328495601410786
7559887624,Fraccionamiento San Román,hamlet,1.7395095156979958
7559887625,Fraccionamiento Santa Regina,hamlet,2.0569653428005985
7559887626,Colonia 5 de Febrero,hamlet,0.9017446301448
7559887627,Colonia Agustín Lara,hamlet,1.0021631467705874
7559887628,Fraccionamiento Heriberto Kehoe Vincent,hamlet,1.16823709485396
7559887629,Fraccionamiento Residencial La Ilusión,hamlet,0.6154567082434822
7559887630,Unidad Habitacional Militar,hamlet,0.12335270812344999
7559887631,Fraccionamiento Aviación,hamlet,0.2972602634904749
7559887632,Colonia Veracruz,hamlet,0.5024614626307203
7559887633,Colonia Aviación Vieja,hamlet,0.28373657961499105
7559887634,Colonia Tamaulipas,hamlet,0.08523048514365873
7559887635,Colonia Rafael Hernández Ochoa,hamlet,1.4954326796389676
7559887636,Colonia Emiliano Zapata,hamlet,1.328956212691191
7559887637,Colonia Libertad,hamlet,1.122698394422561
7559887638,Colonia Insurgentes,hamlet,1.2776168736860933
7559887639,Colonia Ignacio Zaragoza,hamlet,0.8581777409104699
7559887640,Fraccionamiento Bella Vista 2,hamlet,0.9766350483154411
7559887641,Residencial Escenaria,hamlet,1.053705873284859
7559887642,Colonia Francisco Sarabia,hamlet,0.595302531992152
7559887643,Colonia Las Valentinas,hamlet,0.4457402942048174
7559887644,Colonia Anáhuac,hamlet,0.30481582946794855
7559887645,Colonia Petromex,hamlet,0.2651310394961662
7559887646,Colonia Petrolera,hamlet,0.20171791615758383
7559887647,Colonia Óscar Torres Pancardo,hamlet,0.35483771020004284
7559887648,Colonia Las Ánimas,hamlet,0.20433876850789412
7559887649,Colonia Fernando Gutiérrez Barios,hamlet,1.0090010968700858
7559887650,Colonia del Policía,hamlet,0.7164423519396432
7559887651,Fraccionamiento 18 de Marzo,hamlet,0.09184281769120607
7559887652,Fraccionamiento Las Huastecas,hamlet,0.2558132015911486
7559887653,Fraccionamiento Valle Alto,hamlet,0.6365398133417769
7559887654,Fraccionamiento Las Fincas Residencial,hamlet,1.4550236686789553
7559887655,Colonia Guadalupe Victoria,hamlet,0.1762074697161009
7559887656,Colonia 10 de Abril,hamlet,0.5176080019178027
7559887657,Colonia Niños Héroes,hamlet,0.37158686169894656
7559887658,Colonia Los Pinos,hamlet,0.7024053705485998
7559887659,Colonia Vicente Herrera,hamlet,0.9175635901568799
7559887660,Colonia Fausto Dávila Solís,hamlet,0.8588003386359728
7559887661,Fraccionamiento El Vergel,hamlet,0.8238775228588185
7559887662,Colonia Revolución,hamlet,0.3542375189404825
7559887663,Colonia Lomas Verdes,hamlet,1.1440294422381283
7559887664,Fraccionamiento AIMP,hamlet,1.1163026148398794
7559887665,Colonia Loma Bonita,hamlet,1.3094752770641809
7559887666,Colonia Medias Lomas,hamlet,0.6318159655060982
7559887667,Colonia La Herradura,hamlet,0.8384367592904352
7559887668,Colonia Loma Alta,hamlet,1.3625062268483612
7559887669,Colonia Buenos Aires,hamlet,0.4945654539316856
7559887670,Colonia Ampliación Salvador Allende,hamlet,1.8563575981319766
7559887671,Colonia Salvador Allende,hamlet,2.1568923338054153
7559887672,Unidad Habitacional Nueva Imagen,hamlet,1.5664374235774272
7559887673,Colonia Jardines de Poza Rica,hamlet,1.4230178367488109
7559887675,Colonia División de Oriente,hamlet,1.4705931278161053
7559887676,Colonia 5 de Mayo,hamlet,1.3149075403138728
7559895691,Fraccionamiento Los Laureles,hamlet,1.7058762152678626
7934038640,Fraccionamiento Torrentes Aeropuerto,hamlet,2.748919759031038
8089726161,Colinas De Santa Fe,hamlet,1.6335248357355199
8558742594,Parque industrial Tamaca,hamlet,0.1162145204611755
9034567654,El Volador,hamlet,4.889143923658567
9038919494,San Antonio,hamlet,4.208938550193199
9038919497,Corralillo,hamlet,3.249145475990519
9057424702,Venticinco de Abril,hamlet,3.3015593726669707
9061081970,El Vado,hamlet,2.359600381280666
9061081973,La Laguna de los Domingos,hamlet,3.1408102495391916
9061081976,La Lagarta,hamlet,4.059257580516303
9061081977,La Carolina,hamlet,4.796058367497657
9061081979,La Lima,hamlet,4.36769439810003
9061081983,La Soledad,hamlet,4.805821544922463
9074668161,Pastoría,hamlet,4.2949070507026095
9074940612,El Higuerón,hamlet,0.05962426765449809
9077173369,General Emiliano Zapata,hamlet,0.15077778014392634
9077173370,Emiliano Zapata,village,0.23591829177648932
9077173371,El Raudal,hamlet,4.673141076222755
9077173378,El Rincón,hamlet,4.587083634739837
9077173379,Piedras Negras,hamlet,4.821347249757731
9077210995,Santa Cruz,hamlet,3.5870263213879587
9078982200,Buena Vista,hamlet,4.050180131343491
9079910506,El Lindero,hamlet,0.017616499613915933
9080167264,El Guasimal,hamlet,2.135747500770911
9088675207,Los Framboyanes,hamlet,3.3443167834913967
9088788704,Santa Ramona,hamlet,0.5183749160469739
9088794686,Punta de Loma Alta,hamlet,4.464890706179901
9092325315,El Tecomate,hamlet,2.868594550604347
9092325316,El Mezquite,hamlet,4.206927174428795
9092363146,Tamontao,hamlet,3.8306825807268337
9120962236,Los Laureles,hamlet,3.7129271182664474
9120962254,Colonia Clouthier,hamlet,1.6975926942031223
9150417292,Ojital Molino,hamlet,4.216772301826529
9193513777,Ejido El Paraíso,hamlet,3.543014516861616
9287285973,Fraccionamiento Las Gemelas,hamlet,1.674532864938681
9331917596,Fraccionamiento Hidalgo,hamlet,1.8893820253898435
9331917597,Fraccionamiento Oscar Torres Pancardo,hamlet,1.8908949489123
11072190140,Colonia El Gallito,hamlet,4.038032086123656
11108466913,María Luisa,hamlet,3.4207376162767997
